name,email,role,department,phone
Liam Smith,liam.smith@example.com,superuser,Operations,385-555-1001
Noah Smith,noah.smith@example.com,superuser,Finance,385-555-1002
Oliver Smith,oliver.smith@example.com,superuser,HR,385-555-1003
Elijah Smith,elijah.smith@example.com,superuser,Sales,385-555-1004
James Smith,james.smith@example.com,superuser,Engineering,385-555-1005
William Smith,william.smith@example.com,admin,Support,385-555-1006
Benjamin Smith,benjamin.smith@example.com,admin,Logistics,385-555-1007
Lucas Smith,lucas.smith@example.com,admin,Safety,385-555-1008
Henry Smith,henry.smith@example.com,admin,Pit,385-555-1009
Alexander Smith,alexander.smith@example.com,admin,Race Team,385-555-1010
Mason Smith,mason.smith@example.com,admin,Operations,385-555-1011
Michael Smith,michael.smith@example.com,admin,Finance,385-555-1012
Ethan Smith,ethan.smith@example.com,admin,HR,385-555-1013
Daniel Smith,daniel.smith@example.com,admin,Sales,385-555-1014
Jacob Smith,jacob.smith@example.com,admin,Engineering,385-555-1015
Liam Johnson,liam.johnson@example.com,supervisor,Support,385-555-1016
Noah Johnson,noah.johnson@example.com,supervisor,Logistics,385-555-1017
Oliver Johnson,oliver.johnson@example.com,supervisor,Safety,385-555-1018
Elijah Johnson,elijah.johnson@example.com,supervisor,Pit,385-555-1019
James Johnson,james.johnson@example.com,supervisor,Race Team,385-555-1020
William Johnson,william.johnson@example.com,supervisor,Operations,385-555-1021
Benjamin Johnson,benjamin.johnson@example.com,supervisor,Finance,385-555-1022
Lucas Johnson,lucas.johnson@example.com,supervisor,HR,385-555-1023
Henry Johnson,henry.johnson@example.com,supervisor,Sales,385-555-1024
Alexander Johnson,alexander.johnson@example.com,supervisor,Engineering,385-555-1025
Mason Johnson,mason.johnson@example.com,supervisor,Support,385-555-1026
Michael Johnson,michael.johnson@example.com,supervisor,Logistics,385-555-1027
Ethan Johnson,ethan.johnson@example.com,supervisor,Safety,385-555-1028
Daniel Johnson,daniel.johnson@example.com,supervisor,Pit,385-555-1029
Jacob Johnson,jacob.johnson@example.com,supervisor,Race Team,385-555-1030
Liam Williams,liam.williams@example.com,user,Operations,385-555-1031
Noah Williams,noah.williams@example.com,user,Finance,385-555-1032
Oliver Williams,oliver.williams@example.com,user,HR,385-555-1033
Elijah Williams,elijah.williams@example.com,user,Sales,385-555-1034
James Williams,james.williams@example.com,user,Engineering,385-555-1035
William Williams,william.williams@example.com,user,Support,385-555-1036
Benjamin Williams,benjamin.williams@example.com,user,Logistics,385-555-1037
Lucas Williams,lucas.williams@example.com,user,Safety,385-555-1038
Henry Williams,henry.williams@example.com,user,Pit,385-555-1039
Alexander Williams,alexander.williams@example.com,user,Race Team,385-555-1040
Mason Williams,mason.williams@example.com,user,Operations,385-555-1041
Michael Williams,michael.williams@example.com,user,Finance,385-555-1042
Ethan Williams,ethan.williams@example.com,user,HR,385-555-1043
Daniel Williams,daniel.williams@example.com,user,Sales,385-555-1044
Jacob Williams,jacob.williams@example.com,user,Engineering,385-555-1045
Liam Brown,liam.brown@example.com,user,Support,385-555-1046
Noah Brown,noah.brown@example.com,user,Logistics,385-555-1047
Oliver Brown,oliver.brown@example.com,user,Safety,385-555-1048
Elijah Brown,elijah.brown@example.com,user,Pit,385-555-1049
James Brown,james.brown@example.com,user,Race Team,385-555-1050
William Brown,william.brown@example.com,user,Operations,385-555-1051
Benjamin Brown,benjamin.brown@example.com,user,Finance,385-555-1052
Lucas Brown,lucas.brown@example.com,user,HR,385-555-1053
Henry Brown,henry.brown@example.com,user,Sales,385-555-1054
Alexander Brown,alexander.brown@example.com,user,Engineering,385-555-1055
Mason Brown,mason.brown@example.com,user,Support,385-555-1056
Michael Brown,michael.brown@example.com,user,Logistics,385-555-1057
Ethan Brown,ethan.brown@example.com,user,Safety,385-555-1058
Daniel Brown,daniel.brown@example.com,user,Pit,385-555-1059
Jacob Brown,jacob.brown@example.com,user,Race Team,385-555-1060
Liam Jones,liam.jones@example.com,user,Operations,385-555-1061
Noah Jones,noah.jones@example.com,user,Finance,385-555-1062
Oliver Jones,oliver.jones@example.com,user,HR,385-555-1063
Elijah Jones,elijah.jones@example.com,user,Sales,385-555-1064
James Jones,james.jones@example.com,user,Engineering,385-555-1065
William Jones,william.jones@example.com,user,Support,385-555-1066
Benjamin Jones,benjamin.jones@example.com,user,Logistics,385-555-1067
Lucas Jones,lucas.jones@example.com,user,Safety,385-555-1068
Henry Jones,henry.jones@example.com,user,Pit,385-555-1069
Alexander Jones,alexander.jones@example.com,user,Race Team,385-555-1070
Mason Jones,mason.jones@example.com,user,Operations,385-555-1071
Michael Jones,michael.jones@example.com,user,Finance,385-555-1072
Ethan Jones,ethan.jones@example.com,user,HR,385-555-1073
Daniel Jones,daniel.jones@example.com,user,Sales,385-555-1074
Jacob Jones,jacob.jones@example.com,user,Engineering,385-555-1075
Liam Garcia,liam.garcia@example.com,user,Support,385-555-1076
Noah Garcia,noah.garcia@example.com,user,Logistics,385-555-1077
Oliver Garcia,oliver.garcia@example.com,user,Safety,385-555-1078
Elijah Garcia,elijah.garcia@example.com,user,Pit,385-555-1079
James Garcia,james.garcia@example.com,user,Race Team,385-555-1080
William Garcia,william.garcia@example.com,user,Operations,385-555-1081
Benjamin Garcia,benjamin.garcia@example.com,user,Finance,385-555-1082
Lucas Garcia,lucas.garcia@example.com,user,HR,385-555-1083
Henry Garcia,henry.garcia@example.com,user,Sales,385-555-1084
Alexander Garcia,alexander.garcia@example.com,user,Engineering,385-555-1085
Mason Garcia,mason.garcia@example.com,user,Support,385-555-1086
Michael Garcia,michael.garcia@example.com,user,Logistics,385-555-1087
Ethan Garcia,ethan.garcia@example.com,user,Safety,385-555-1088
Daniel Garcia,daniel.garcia@example.com,user,Pit,385-555-1089
Jacob Garcia,jacob.garcia@example.com,user,Race Team,385-555-1090
Liam Miller,liam.miller@example.com,user,Operations,385-555-1091
Noah Miller,noah.miller@example.com,user,Finance,385-555-1092
Oliver Miller,oliver.miller@example.com,user,HR,385-555-1093
Elijah Miller,elijah.miller@example.com,user,Sales,385-555-1094
James Miller,james.miller@example.com,user,Engineering,385-555-1095
William Miller,william.miller@example.com,user,Support,385-555-1096
Benjamin Miller,benjamin.miller@example.com,user,Logistics,385-555-1097
Lucas Miller,lucas.miller@example.com,user,Safety,385-555-1098
Henry Miller,henry.miller@example.com,user,Pit,385-555-1099
Alexander Miller,alexander.miller@example.com,user,Race Team,385-555-1100
Mason Miller,mason.miller@example.com,user,Operations,385-555-1101
Michael Miller,michael.miller@example.com,user,Finance,385-555-1102
Ethan Miller,ethan.miller@example.com,user,HR,385-555-1103
Daniel Miller,daniel.miller@example.com,user,Sales,385-555-1104
Jacob Miller,jacob.miller@example.com,user,Engineering,385-555-1105
Liam Davis,liam.davis@example.com,user,Support,385-555-1106
Noah Davis,noah.davis@example.com,user,Logistics,385-555-1107
Oliver Davis,oliver.davis@example.com,user,Safety,385-555-1108
Elijah Davis,elijah.davis@example.com,user,Pit,385-555-1109
James Davis,james.davis@example.com,user,Race Team,385-555-1110
William Davis,william.davis@example.com,user,Operations,385-555-1111
Benjamin Davis,benjamin.davis@example.com,user,Finance,385-555-1112
Lucas Davis,lucas.davis@example.com,user,HR,385-555-1113
Henry Davis,henry.davis@example.com,user,Sales,385-555-1114
Alexander Davis,alexander.davis@example.com,user,Engineering,385-555-1115
Mason Davis,mason.davis@example.com,user,Support,385-555-1116
Michael Davis,michael.davis@example.com,user,Logistics,385-555-1117
Ethan Davis,ethan.davis@example.com,user,Safety,385-555-1118
Daniel Davis,daniel.davis@example.com,user,Pit,385-555-1119
Jacob Davis,jacob.davis@example.com,user,Race Team,385-555-1120
Liam Rodriguez,liam.rodriguez@example.com,user,Operations,385-555-1121
Noah Rodriguez,noah.rodriguez@example.com,user,Finance,385-555-1122
Oliver Rodriguez,oliver.rodriguez@example.com,user,HR,385-555-1123
Elijah Rodriguez,elijah.rodriguez@example.com,user,Sales,385-555-1124
James Rodriguez,james.rodriguez@example.com,user,Engineering,385-555-1125
William Rodriguez,william.rodriguez@example.com,user,Support,385-555-1126
Benjamin Rodriguez,benjamin.rodriguez@example.com,user,Logistics,385-555-1127
Lucas Rodriguez,lucas.rodriguez@example.com,user,Safety,385-555-1128
Henry Rodriguez,henry.rodriguez@example.com,user,Pit,385-555-1129
Alexander Rodriguez,alexander.rodriguez@example.com,user,Race Team,385-555-1130
Mason Rodriguez,mason.rodriguez@example.com,user,Operations,385-555-1131
Michael Rodriguez,michael.rodriguez@example.com,user,Finance,385-555-1132
Ethan Rodriguez,ethan.rodriguez@example.com,user,HR,385-555-1133
Daniel Rodriguez,daniel.rodriguez@example.com,user,Sales,385-555-1134
Jacob Rodriguez,jacob.rodriguez@example.com,user,Engineering,385-555-1135
Liam Martinez,liam.martinez@example.com,user,Support,385-555-1136
Noah Martinez,noah.martinez@example.com,user,Logistics,385-555-1137
Oliver Martinez,oliver.martinez@example.com,user,Safety,385-555-1138
Elijah Martinez,elijah.martinez@example.com,user,Pit,385-555-1139
James Martinez,james.martinez@example.com,user,Race Team,385-555-1140
William Martinez,william.martinez@example.com,user,Operations,385-555-1141
Benjamin Martinez,benjamin.martinez@example.com,user,Finance,385-555-1142
Lucas Martinez,lucas.martinez@example.com,user,HR,385-555-1143
Henry Martinez,henry.martinez@example.com,user,Sales,385-555-1144
Alexander Martinez,alexander.martinez@example.com,user,Engineering,385-555-1145
Mason Martinez,mason.martinez@example.com,user,Support,385-555-1146
Michael Martinez,michael.martinez@example.com,user,Logistics,385-555-1147
Ethan Martinez,ethan.martinez@example.com,user,Safety,385-555-1148
Daniel Martinez,daniel.martinez@example.com,user,Pit,385-555-1149
Jacob Martinez,jacob.martinez@example.com,user,Race Team,385-555-1150

